{
  "train_loss": [
    4932.38388671875,
    4919.596484375,
    4810.86142578125,
    3506.444140625,
    2385.2389526367188,
    6977.86669921875,
    2189.932580566406,
    1817.95322265625,
    775.6798271179199,
    1235.4222717285156,
    723.0343017578125,
    544.4836341857911,
    433.1941650390625,
    747.6381408691407,
    694.8890892028809,
    673.5985885620117,
    415.07594299316406,
    592.3458786010742,
    663.6139404296875,
    409.14724292755125,
    558.5800842285156,
    1145.5667510986327,
    202.94988708496095,
    318.99307289123533,
    385.7704544067383,
    452.0665023803711,
    490.56740341186526,
    497.9124130249023,
    102.75245332717896,
    1074.2939086914062
  ],
  "test_loss": [
    5429.0,
    5399.16357421875,
    4917.7197265625,
    673.1465454101562,
    11816.7353515625,
    3143.946044921875,
    1084.859130859375,
    1148.6236572265625,
    643.5264892578125,
    1865.265625,
    222.6165008544922,
    374.3722839355469,
    430.2187805175781,
    319.32904052734375,
    302.4464111328125,
    538.2235717773438,
    495.5835876464844,
    626.2443237304688,
    508.6614074707031,
    237.46807861328125,
    613.9549560546875,
    258.3026123046875,
    431.7684326171875,
    274.91400146484375,
    395.1625671386719,
    666.4306640625,
    374.21343994140625,
    386.8982238769531,
    322.07623291015625,
    336.0592041015625
  ],
  "learning_rate": [
    0.001,
    0.001,
    0.001,
    0.001,
    0.001,
    0.001,
    0.001,
    0.001,
    0.001,
    0.001,
    0.001,
    0.001,
    0.001,
    0.001,
    0.001,
    0.001,
    0.001,
    0.001,
    0.001,
    0.001,
    0.001,
    0.001,
    0.001,
    0.001,
    0.001,
    0.001,
    0.001,
    0.001,
    0.001,
    0.0007
  ]
}