{
  "train_loss": [
    2316.0323486328125,
    1746.3308471679688,
    1464.9276050567628,
    1738.4565551757812,
    532.9377868652343,
    378.27842102050784,
    295.2139068603516,
    197.7193832397461,
    315.63614120483396,
    164.00433387756348,
    241.72649211883544,
    155.77461700439454,
    265.4242568969727,
    178.38312606811525,
    97.55260391235352,
    198.89785766601562,
    78.7039077758789,
    221.13703079223632,
    213.1412368774414,
    505.9089660644531
  ],
  "test_loss": [
    2080.111328125,
    503.25567626953125,
    1835.740478515625,
    10.07853889465332,
    162.59674072265625,
    13.643499374389648,
    6.766300201416016,
    24.24416732788086,
    36.02053451538086,
    28.075529098510742,
    24.395299911499023,
    4.120093822479248,
    112.4177017211914,
    6.467830181121826,
    6.44559907913208,
    178.31478881835938,
    25.945598602294922,
    217.45672607421875,
    17.234092712402344,
    84.34654998779297
  ],
  "learning_rate": [
    0.001,
    0.001,
    0.001,
    0.001,
    0.001,
    0.001,
    0.001,
    0.001,
    0.001,
    0.001,
    0.001,
    0.001,
    0.001,
    0.001,
    0.001,
    0.001,
    0.001,
    0.001,
    0.001,
    0.001
  ]
}