{
  "train_loss": [
    1010.6219360351563,
    656.3616943359375,
    2584.4689474105835,
    2477.1990966796875,
    226.12795867919922,
    299.5323913574219,
    61.85169944763184,
    68.28282203674317,
    103.446630859375,
    95.93244895935058,
    113.60741233825684,
    118.36203002929688,
    131.37003860473632,
    67.88776245117188,
    54.68626594543457,
    131.25164794921875,
    69.29208941459656,
    60.36029224395752,
    155.06821899414064,
    61.74222755432129
  ],
  "test_loss": [
    664.5078735351562,
    49.668853759765625,
    3505.854736328125,
    211.60598754882812,
    180.3530731201172,
    73.50173950195312,
    124.99177551269531,
    85.00692749023438,
    78.5831069946289,
    113.2138442993164,
    77.03460693359375,
    80.31581115722656,
    89.53279113769531,
    181.34083557128906,
    126.79198455810547,
    286.1553039550781,
    181.82028198242188,
    270.0776672363281,
    323.89996337890625,
    218.27711486816406
  ],
  "learning_rate": [
    0.001,
    0.001,
    0.001,
    0.001,
    0.001,
    0.001,
    0.001,
    0.001,
    0.001,
    0.001,
    0.001,
    0.001,
    0.001,
    0.001,
    0.001,
    0.001,
    0.001,
    0.001,
    0.001,
    0.001
  ]
}