{
  "train_loss": [
    1055.9651733398437,
    1055.116650390625,
    1053.15654296875,
    1047.776434326172,
    1016.5077758789063,
    846.8835815429687,
    471.62713317871095,
    334.1035758972168,
    415.9175941467285,
    218.6242904663086,
    135.94056396484376,
    110.68601455688477,
    116.67598314285279,
    61.34891052246094,
    165.649995803833,
    144.3689811706543,
    170.39238052368165,
    171.84280242919922,
    173.2531042098999,
    114.70286102294922,
    129.93390274047852,
    90.2487403869629,
    881.2252166748046,
    273.6602439880371,
    195.2870635986328,
    135.36866989135743,
    163.1605026245117,
    250.51407775878906,
    185.1276107788086,
    195.7918617248535,
    118.66105823516845,
    45.68257818222046,
    167.52541236877443,
    75.47396125793458,
    150.15608978271484,
    329.2798736572266,
    91.94460678100586,
    72.17927322387695,
    103.39755306243896,
    61.5833703994751
  ],
  "test_loss": [
    562.8186645507812,
    561.89404296875,
    559.5388793945312,
    549.9999389648438,
    496.703125,
    269.6474609375,
    32.40491485595703,
    517.0623779296875,
    123.9811782836914,
    8.409366607666016,
    16.586050033569336,
    17.618379592895508,
    32.22175216674805,
    86.48002624511719,
    23.59708595275879,
    15.982450485229492,
    200.0375213623047,
    323.59002685546875,
    23.114347457885742,
    18.871891021728516,
    34.66548156738281,
    724.9038696289062,
    760.8546142578125,
    73.19869232177734,
    34.75099182128906,
    12.234587669372559,
    147.00457763671875,
    162.54054260253906,
    39.6977424621582,
    21.182451248168945,
    118.73478698730469,
    59.75080490112305,
    15.889993667602539,
    51.888946533203125,
    364.82989501953125,
    124.98880767822266,
    15.930008888244629,
    64.09973907470703,
    160.44790649414062,
    42.93386459350586
  ],
  "learning_rate": [
    0.0005,
    0.0005,
    0.0005,
    0.0005,
    0.0005,
    0.0005,
    0.0005,
    0.0005,
    0.0005,
    0.0005,
    0.0005,
    0.0005,
    0.0005,
    0.0005,
    0.0005,
    0.0005,
    0.0005,
    0.0005,
    0.0005,
    0.0005,
    0.0005,
    0.0005,
    0.0005,
    0.0005,
    0.0005,
    0.0005,
    0.0005,
    0.0005,
    0.0005,
    0.0005,
    0.0005,
    0.0005,
    0.0005,
    0.0005,
    0.0005,
    0.0005,
    0.0005,
    0.0005,
    0.0005,
    0.0005
  ]
}