{
  "train_loss": [
    5159.849658203125,
    3904.477294921875,
    6291.230296325683,
    17568.6494140625,
    1268.5219024658204,
    967.2256118774415,
    907.1798278808594,
    457.29456481933596,
    1014.4838134765625,
    500.25350799560545,
    966.920068359375,
    202.9471206665039,
    795.30625,
    659.2891006469727,
    405.92982692718505,
    412.8325439453125,
    307.73363342285154,
    254.15473480224608,
    53.96195983886719,
    944.1144218444824,
    398.5767532348633,
    449.74700317382815,
    224.25942115783693,
    744.6381958007812,
    140.30449600219725
  ],
  "test_loss": [
    3941.13525390625,
    670.2526245117188,
    19573.91015625,
    5256.9580078125,
    354.794189453125,
    20.432937622070312,
    1463.837890625,
    39.790077209472656,
    317.9574279785156,
    1006.5262451171875,
    435.41168212890625,
    86.19686889648438,
    50.79013442993164,
    350.19122314453125,
    4.514988422393799,
    393.9105529785156,
    824.2454833984375,
    5.876344680786133,
    104.50456237792969,
    643.743408203125,
    0.3129519522190094,
    16.256229400634766,
    1601.8084716796875,
    175.81427001953125,
    20.933191299438477
  ],
  "learning_rate": [
    0.001,
    0.001,
    0.001,
    0.001,
    0.001,
    0.001,
    0.001,
    0.001,
    0.001,
    0.001,
    0.001,
    0.001,
    0.001,
    0.001,
    0.001,
    0.001,
    0.001,
    0.001,
    0.001,
    0.001,
    0.001,
    0.001,
    0.001,
    0.001,
    0.001
  ]
}