{
  "train_loss": [
    2305.790576171875,
    2297.9623046875,
    2224.810693359375,
    1347.4925086975097,
    529.6968139648437,
    692.5570678710938,
    165.80401668548583,
    372.9873291015625,
    221.68723907470704,
    366.29482955932616,
    576.7659553527832,
    209.4836971282959,
    437.8108333587646,
    493.6021026611328,
    344.6699089050293,
    256.05999660491943,
    373.2700047492981,
    125.44569568634033,
    239.50146942138673,
    151.2913055419922,
    258.6168960571289,
    45.796837615966794,
    171.45930938720704,
    84.90458259582519,
    309.71302337646483,
    293.78826370239256,
    168.0251708984375,
    594.9758453369141,
    378.54710388183594,
    91.19218673706055,
    529.7117385864258,
    205.10663890838623,
    65.66974258422852,
    204.14729766845704,
    95.70797996520996,
    174.34473857879638,
    354.5959533691406,
    142.9830930709839,
    343.5797607421875,
    177.18095626831055,
    161.46297912597657,
    150.84395599365234,
    519.6959815979004,
    147.48643188476564,
    94.16499137878418,
    178.54931020736694,
    106.5214729309082,
    237.44082565307616,
    139.36500053405763,
    178.06134490966798
  ],
  "test_loss": [
    2310.37939453125,
    2292.654052734375,
    2014.111328125,
    70.7741928100586,
    172.0233612060547,
    193.0792999267578,
    5.496757984161377,
    7.0990214347839355,
    88.29096984863281,
    97.27740478515625,
    4.733027458190918,
    220.6885986328125,
    26.39396095275879,
    0.8337319493293762,
    59.31532287597656,
    0.351179838180542,
    47.191192626953125,
    62.491661071777344,
    9.686456680297852,
    76.3104248046875,
    127.66049194335938,
    1.6728270053863525,
    257.9974060058594,
    222.10873413085938,
    147.0928955078125,
    268.68646240234375,
    10.706127166748047,
    364.20037841796875,
    745.769287109375,
    31.751930236816406,
    2.553250312805176,
    315.8017578125,
    250.73410034179688,
    107.07685089111328,
    120.32119750976562,
    2.0729782581329346,
    130.21282958984375,
    244.329833984375,
    74.50857543945312,
    183.58364868164062,
    351.7917785644531,
    109.88008117675781,
    224.59942626953125,
    341.0738220214844,
    257.5967102050781,
    64.92208862304688,
    202.2108154296875,
    155.40475463867188,
    6.267315864562988,
    5.223301887512207
  ],
  "learning_rate": [
    0.001,
    0.001,
    0.001,
    0.001,
    0.001,
    0.001,
    0.001,
    0.001,
    0.001,
    0.001,
    0.001,
    0.001,
    0.001,
    0.001,
    0.001,
    0.001,
    0.001,
    0.001,
    0.001,
    0.001,
    0.001,
    0.001,
    0.001,
    0.001,
    0.001,
    0.001,
    0.001,
    0.001,
    0.001,
    0.0007,
    0.0007,
    0.0007,
    0.0007,
    0.0007,
    0.0007,
    0.0007,
    0.0007,
    0.0007,
    0.0007,
    0.0007,
    0.0007,
    0.0007,
    0.0007,
    0.0007,
    0.0007,
    0.0007,
    0.0007,
    0.0007,
    0.0007,
    0.0007
  ]
}