{
  "train_loss": [
    966.3828369140625,
    963.9299438476562,
    942.4088745117188,
    644.0281959533692,
    1738.1302772521972,
    2225.3788330078123,
    291.3806378364563,
    324.6756088256836,
    272.3672294616699,
    268.4979446411133,
    265.99617767333984,
    166.55688552856446,
    130.24181232452392,
    223.48514251708986,
    77.01139450073242,
    86.20446548461913,
    62.05526618957519,
    191.99954833984376,
    76.31667194366455,
    88.89491271972656,
    187.00890798568724,
    100.15849533081055,
    113.02470436096192,
    57.5410659790039,
    62.27146492004395,
    102.96463012695312,
    142.81845817565917,
    139.10719711780547,
    48.54729080200195,
    73.57135925292968,
    137.09820251464845,
    45.25456504821777,
    61.17022869586945,
    119.26869163513183,
    158.3544028520584,
    82.05914421081543,
    113.31700553894044,
    67.9656804561615,
    95.88096942901612,
    79.63173627853394,
    25.97885935306549,
    89.88571305274964,
    87.05104751586914,
    97.21374626159668,
    44.20056324005127,
    68.18517303466797,
    38.68696746826172,
    82.54103317260743,
    29.191382694244385,
    196.16311569213866,
    75.99853854179382,
    39.899787521362306,
    104.55191068649292,
    88.21505985260009,
    81.62253036499024,
    21.37525463104248,
    90.19482116699218,
    27.51248769760132,
    118.78966312408447,
    106.86854629516601,
    35.38220911026001,
    67.01000061035157,
    66.32943153381348,
    30.74115996360779,
    28.032479286193848,
    78.16737139225006,
    20.010728073120116,
    49.941969108581546,
    58.78936614990234,
    251.1895767211914,
    71.56950607299805,
    112.94041748046875,
    85.94823722839355,
    68.52845582962036,
    121.52853546142578,
    42.69163799285889,
    35.50936641693115,
    60.12495708465576,
    51.20608329772949,
    106.36306447982788
  ],
  "test_loss": [
    1030.28125,
    1023.8572998046875,
    944.4156494140625,
    180.5211181640625,
    832.3970947265625,
    82.91494750976562,
    394.166259765625,
    403.13616943359375,
    22.789894104003906,
    74.26622772216797,
    215.35403442382812,
    169.27598571777344,
    184.3006134033203,
    279.4601745605469,
    191.2368927001953,
    201.80584716796875,
    147.4119873046875,
    83.83265686035156,
    193.50039672851562,
    23.501850128173828,
    37.39741134643555,
    224.27386474609375,
    149.6505584716797,
    68.65703582763672,
    211.18980407714844,
    188.2569122314453,
    77.06085205078125,
    92.44686126708984,
    169.7969970703125,
    57.39960479736328,
    71.12174224853516,
    176.75991821289062,
    122.2601089477539,
    23.232723236083984,
    40.06359100341797,
    152.37661743164062,
    129.280029296875,
    33.892822265625,
    125.954833984375,
    144.861083984375,
    48.636165618896484,
    100.88768005371094,
    188.02854919433594,
    99.21211242675781,
    54.62116622924805,
    82.05952453613281,
    82.16368865966797,
    100.00057983398438,
    53.057945251464844,
    23.321565628051758,
    55.681236267089844,
    107.58232879638672,
    37.28313446044922,
    14.494346618652344,
    38.207515716552734,
    12.029352188110352,
    34.661712646484375,
    44.288936614990234,
    17.245248794555664,
    110.66285705566406,
    103.01768493652344,
    47.26403045654297,
    36.494361877441406,
    82.0312728881836,
    76.0030517578125,
    68.45021057128906,
    68.00212097167969,
    31.518184661865234,
    19.54996109008789,
    8.96180534362793,
    117.9372787475586,
    121.6811294555664,
    13.702413558959961,
    16.3245792388916,
    10.290260314941406,
    33.32249450683594,
    13.110684394836426,
    8.780609130859375,
    13.200838088989258,
    8.520792961120605
  ],
  "learning_rate": [
    0.001,
    0.001,
    0.001,
    0.001,
    0.001,
    0.001,
    0.001,
    0.001,
    0.001,
    0.001,
    0.001,
    0.001,
    0.001,
    0.001,
    0.001,
    0.001,
    0.001,
    0.001,
    0.001,
    0.001,
    0.001,
    0.001,
    0.001,
    0.001,
    0.001,
    0.001,
    0.001,
    0.001,
    0.001,
    0.0007,
    0.0007,
    0.0007,
    0.0007,
    0.0007,
    0.0007,
    0.0007,
    0.0007,
    0.0007,
    0.0007,
    0.0007,
    0.0007,
    0.0007,
    0.0007,
    0.0007,
    0.0007,
    0.0007,
    0.0007,
    0.0007,
    0.0007,
    0.0007,
    0.0007,
    0.0007,
    0.0007,
    0.0007,
    0.0007,
    0.0007,
    0.0007,
    0.0007,
    0.0007,
    0.00049,
    0.00049,
    0.00049,
    0.00049,
    0.00049,
    0.00049,
    0.00049,
    0.00049,
    0.00049,
    0.00049,
    0.00049,
    0.00049,
    0.00049,
    0.00049,
    0.00049,
    0.00049,
    0.00049,
    0.00049,
    0.00049,
    0.00049,
    0.00049
  ]
}